Workbook

Sheet יעדים
B2: ="פעילויות ויעדים "&TEXT($C$3,"[$-he-IL]mmm yy") -> פעילויות ויעדים יונ 26 | J2: קצב נדרש לעמידה ביעד
B3: מת"ל | C3: =חגים!$B$1 -> 46174 | D3: ביצוע בפועל | E3: בתהליך | F3: ת.פתוח | G3: שינוי % | H3: פוטנציאל | J3: קצב החודש | K3: ימי עבודה שנותרו | L3: ימים חודשי
B4: אבי פטקייב | C4: 25 | D4: ='חשבונית-פתוח-בתהליך'!K19 -> 6 | E4: ='חשבונית-פתוח-בתהליך'!D19 -> 15 | F4: ='חשבונית-פתוח-בתהליך'!E19 -> 7 | G4: =D4/C4 -> 0.24 | H4: =(F4+E4+D4)/C4 -> 1.12 | J4: =IFERROR((L4-K4)/L4,0) -> 0.36363636 | K4: {=_xlfn.LET(_xlpm.monthStart,חגים!$B$1,_xlpm.monthEnd,חגים!$A$1,_xlpm.fromDate,MAX(TODAY()+1,_xlpm.monthStart),_xlpm.holidays,_xlfn._xlws.FILTER(חגים!$C$1:$C$100,ISNUMBER(חגים!$C$1:$C$100)),IF(_xlpm.fromDate>_xlpm.monthEnd,0,NETWORKDAYS.INTL(_xlpm.fromDate,_xlpm.monthEnd,"0000110",_xlpm.holidays)))} -> 14 | L4: {=_xlfn.LET(_xlpm.monthStart,חגים!$B$1,_xlpm.monthEnd,חגים!$A$1,_xlpm.holidays,_xlfn._xlws.FILTER(חגים!$C$1:$C$100,ISNUMBER(חגים!$C$1:$C$100)),NETWORKDAYS.INTL(_xlpm.monthStart,_xlpm.monthEnd,"0000110",_xlpm.holidays))} -> 22
B5: אור בנג'ו | C5: 15 | D5: ='חשבונית-פתוח-בתהליך'!K44 -> 2 | E5: ='חשבונית-פתוח-בתהליך'!D44 -> 5 | F5: ='חשבונית-פתוח-בתהליך'!E44 -> 3 | G5: =D5/C5 -> 0.13333333 | H5: =(F5+E5+D5)/C5 -> 0.66666667
B7: ="מיקוד "&TEXT($C$3,"[$-he-IL]mmm yy")&" - משימות איכות" -> מיקוד יונ 26 - משימות איכות
B9: מת"ל | C9: =$C$3 -> 46174 | D9: ביצוע בפועל | E9: שינוי %
B10: אבי פטקייב | C10: 4 | E10: =D10/C10 -> 0
B11: אור בנג'ו | C11: 4 | E11: =D11/C11 -> 0
B13: דגמים במיקוד
B14: קונה
B15: וניו פריים
B16: טוסון היבריד
B17: ג'אקו 7 לקשרי (העמקה)
B18: אומודה 7 ויז'ן
B19: אאוטלנדר אינטנס/אינסטייל
B20: אלנטרה

Sheet חשבונית-פתוח-בתהליך
C3: אבי פטקייב | I3: אבי פטקייב
C4: לקוח / משפחת דגם | D4: רישויים בתהליך | E4: רישויים תיק פתוח | I4: לקוח / משפחת דגם | J4: רישויים | K4: חשבוניות | L4: מסירות | M4: חדש | U4: לקוחות חדשים - אור | W4: לקוחות חדשים - אבי
C5: יעד ליסינג ומימון לרכב בע"מ | D5: 5 | I5: לביב סחר רכב בע"מ | K5: 2 | L5: 2
C6: ניו קאר ליס מוטורס בע"מ | D6: 3 | I6: קארמה ליס בע"מ | K6: 1 | L6: 1
C7: רגבים - אגרוליס בע'מ | D7: 2 | I7: למונס איי אל בע"מ | K7: 1
C8: סיריוס אלקטרוניקה בע"מ | D8: 1 | I8: רום מוטורס בע"מ | K8: 1 | L8: 1
C9: למונס סימפל מובילטי בע"מ | D9: 1 | I9: רום גבס חיפוי וקירוי (1997) בע"מ | K9: 1 | L9: 1
C10: י.א. רויאל מוטורס בע"מ | D10: 1 | I10: הקניה הבטוחה (2000) בע"מ | L10: 1
C11: ינון פז בע"מ | D11: 1 | I11: נתיבי ישראל הסעות וטיולים בע"מ | L11: 2
C12: מילניום שרותים ולוגסטיקה בע"מ | D12: 1 | I12: סיסטמטיקס בע'מ | L12: 2
C13: רום גבס חיפוי וקירוי (1997) בע"מ | E13: 1
C14: קארמה ליס בע"מ | E14: 1
C15: למונס איי אל בע"מ | E15: 1
C16: לביב סחר רכב בע"מ | E16: 2
C17: רום מוטורס בע"מ | E17: 2
D19: =SUM(D5:D18) -> 15 | E19: =SUM(E5:E18) -> 7 | J19: =SUM(J5:J18) -> 0 | K19: =SUM(K5:K18) -> 6 | L19: =SUM(L5:L18) -> 10 | M19: {=SUMPRODUCT(--(TRIM(M6:N18)="כן"))} -> 0
C21: אור בנג'ו | I21: אור בנג'ו
C22: לקוח / משפחת דגם | D22: רישויים בתהליך | E22: רישויים תיק פתוח | I22: לקוח / משפחת דגם | J22: רישויים | K22: חשבוניות | L22: מסירות | M22: חדש
C23: קפיטל מוטורס בע"מ | D23: 2 | F23: 13 | I23: שדה מיבנים ומכולות בע"מ | K23: 1
C24: איתן ספקים לבתי מרקחת בע"מ | D24: 2 | F24: 4 | I24: אי.אל. מדי-מרקט בע"מ | K24: 1 | L24: 1
C25: יקיר ב. בע"מ | D25: 1 | F25: 3 | I25: ח.ל חלקי חילוף לרכב בע"מ | L25: 1
C26: שדה מיבנים ומכולות בע"מ | E26: 1 | I26: דרך מבורכת ייעוץ בע"מ | L26: 1
C27: מ.פינס בע''מ | E27: 1 | F27: 2 | I27: מ.פינס בע''מ | L27: 1
C28: אי.אל. מדי-מרקט בע"מ | E28: 1 | I28: רכב סלמאן בע"מ | L28: 1 | U28: 2 | V28: 7 | W28: 7
F29: 1 | I29: שחאדה טרייד אין | L29: 1 | U29: 5 | V29: 6 | W29: 6
U30: 3 | V30: 4 | W30: 6
U31: 3 | V31: 3 | W31: 3
F32: 1 | V32: 2
F33: 1 | U33: 1 | V33: 1 | W33: 1
F34: 1 | U34: 1 | V34: 1 | W34: 1
F35: 1 | U35: 1 | V35: 1 | W35: 1
V36: 1
V37: 1 | W37: 1
V38: 1
V39: 1 | W39: 1
W40: 1
C44: סה"כ | D44: =SUM(D23:D39) -> 5 | E44: =SUM(E23:E43) -> 3 | I44: סה"כ | J44: =SUM(J23:J43) -> 0 | K44: =SUM(K23:K43) -> 2 | L44: =SUM(L23:L43) -> 6 | M44: {=SUMPRODUCT(--(TRIM(M23:M43)="כן"))} -> 0

Sheet אינסנטיב יוני
A1: אינסנטיב יוני
A2: מת"ל | B2: 46143 | C2: ביצוע בפועל | D2: בתהליך | E2: ת.פתוח | F2: %
A3: אבי פטקייב | B3: 30 | C3: ='חשבונית-פתוח-בתהליך'!K19 -> 6 | D3: ='חשבונית-פתוח-בתהליך'!D19 -> 15 | E3: ='חשבונית-פתוח-בתהליך'!E19 -> 7 | F3: =(D3+C3+E3)/B3 -> 0.93333333
A4: אור בנג'ו | B4: 22 | C4: ='חשבונית-פתוח-בתהליך'!K44 -> 2 | D4: ='חשבונית-פתוח-בתהליך'!D44 -> 5 | E4: ='חשבונית-פתוח-בתהליך'!E44 -> 3 | F4: =(D4+C4+E4)/B4 -> 0.45454545
A6: עמידה ביעד שמיים תזכה אתכם ב 3000 ש"ח שוברי הייטקזון.

Sheet תנאים מסחריים מאי 26
B2: מת"לים
B3: דגם רכב | C3: קיבוץ תוספות | D3: מחירון | E3: הנחה % | F3: הנחה בשקלים | G3: מחיר לאחר הנחה
B4: סונטה היברידית אוטומטית | C4: Luxury FL - H095 | D4: 219990 | E4: 0.065 | F4: =E4*D4 -> 14299.35 | G4: =D4-F4 -> 205690.65
B5: סונטה היברידית אוטומטית | C5: LIMITED FL - H096 | D5: 234990 | E5: 0.075 | F5: =E5*D5 -> 17624.25 | G5: =D5-F5 -> 217365.75
B6: טוסון חדש 1.6 טורבו אוטומטי 4X2 | C6: PANORAMIC FL - D3EN | D6: 196990 | E6: 0.11 | F6: =E6*D6 -> 21668.9 | G6: =D6-F6 -> 175321.1
B7: טוסון חדש 1.6 טורבו אוטומטי 4X2 | C7: LUXURY FL - D3D9 | D7: 209990 | E7: 0.05 | F7: =E7*D7 -> 10499.5 | G7: =D7-F7 -> 199490.5
B8: טוסון חדש 1.6 טורבו אוטומטי 4X2 | C8: ELITE FL - D3DN | D8: 224990 | E8: 0.05 | F8: =E8*D8 -> 11249.5 | G8: =D8-F8 -> 213740.5
B9: טוסון חדש 1.6 טורבו אוטומטי 4X2 | C9: PREMIUM FL - D3DU | D9: 188990 | E9: 0.11 | F9: =E9*D9 -> 20788.9 | G9: =D9-F9 -> 168201.1
B10: וניו 1.6 אוטומט CVT | C10: prime | D10: 129900 | E10: 0.07 | F10: =E10*D10 -> 9093 | G10: =D10-F10 -> 120807
B11: אאוטלנדר 2.5 7 מקומות אוטומט | C11: Intense - S01 | D11: 191990 | E11: 0.04 | F11: =E11*D11 -> 7679.6 | G11: =D11-F11 -> 184310.4
B12: אאוטלנדר 2.5 7 מקומות אוטומט | C12: Executive - S02_MY24 | D12: 204990 | E12: 0.04 | F12: =E12*D12 -> 8199.6 | G12: =D12-F12 -> 196790.4
B13: אאוטלנדר 2.5 7 מקומות אוטומט | C13: Instyle Plus - S08_MY24 | D13: 210990 | E13: 0.06 | F13: =E13*D13 -> 12659.4 | G13: =D13-F13 -> 198330.6
B14: אלנטרה 1.6 היברידית אוטו | C14: PRIME FL - P157 | D14: 169990 | E14: 0.075 | F14: =E14*D14 -> 12749.25 | G14: =D14-F14 -> 157240.75
B15: אלנטרה 1.6 היברידית אוטו | C15: PREMIUM FL - P158 | D15: 177990 | E15: 0.075 | F15: =E15*D15 -> 13349.25 | G15: =D15-F15 -> 164640.75
... B50: אומודה 9 | C50: ויז'ן | D50: 244900 | E50: 0.05 | F50: =E50*D50 -> 12245 | G50: =D50-F50 -> 232655

Sheet חגים
A1: =EOMONTH( TODAY(), 0) -> 46203 | B1: =EOMONTH(TODAY(), -1) +1 -> 46174 | C1: =DATE(2026,4,1) -> 46113 | D1: ערב פסח
C2: =DATE(2026,4,2) -> 46114 | D2: פסח ראשון
C3: =DATE(2026,4,3) -> 46115 | D3: חול המועד פסח
C4: =DATE(2026,4,4) -> 46116 | D4: חול המועד פסח / שבת
C5: =DATE(2026,4,5) -> 46117 | D5: חול המועד פסח
C6: =DATE(2026,4,6) -> 46118 | D6: חול המועד פסח
C7: =DATE(2026,4,7) -> 46119 | D7: חול המועד פסח
C8: =DATE(2026,4,8) -> 46120 | D8: שביעי של פסח
C9: =DATE(2026,4,21) -> 46133 | D9: יום הזכרון / ערב יום העצמאות
C10: =DATE(2026,4,22) -> 46134 | D10: יום העצמאות
C11: =DATE(2026,5,21) -> 46163 | D11: ערב שבועות / יום ללא עבודה
C12: =DATE(2026,5,22) -> 46164 | D12: שבועות
C13: =DATE(2026,9,11) -> 46276 | D13: ערב ראש השנה
C14: =DATE(2026,9,12) -> 46277 | D14: ראש השנה א'
C15: =DATE(2026,9,13) -> 46278 | D15: ראש השנה ב'
C16: =DATE(2026,9,20) -> 46285 | D16: ערב יום כיפור
C17: =DATE(2026,9,21) -> 46286 | D17: יום כיפור
C18: =DATE(2026,9,25) -> 46290 | D18: ערב סוכות
C19: =DATE(2026,9,26) -> 46291 | D19: סוכות
C20: =DATE(2026,9,27) -> 46292 | D20: חול המועד סוכות
C21: =DATE(2026,9,28) -> 46293 | D21: חול המועד סוכות
A22: לקוח חדש | C22: =DATE(2026,9,29) -> 46294 | D22: חול המועד סוכות
A23: כן | C23: =DATE(2026,9,30) -> 46295 | D23: חול המועד סוכות
C24: =DATE(2026,10,1) -> 46296 | D24: חול המועד סוכות
C25: =DATE(2026,10,2) -> 46297 | D25: הושענא רבה / חול המועד סוכות / ערב שמחת תורה
C26: =DATE(2026,10,3) -> 46298 | D26: שמחת תורה
